<?xml version="1.0" encoding="UTF-8"?>
<project-private xmlns="http://www.netbeans.org/ns/project-private/1">
    <editor-bookmarks xmlns="http://www.netbeans.org/ns/editor-bookmarks/2" lastBookmarkId="0"/>
    <open-files xmlns="http://www.netbeans.org/ns/projectui-open-files/2">
        <group>
            <file>file:/D:/work/Advance%20java/NBProjects/Reservation/web/Reserve.html</file>
            <file>file:/D:/work/Advance%20java/NBProjects/Reservation/web/menu.html</file>
            <file>file:/D:/work/Advance%20java/NBProjects/Reservation/web/Rprocess.jsp</file>
            <file>file:/D:/work/Advance%20java/NBProjects/Reservation/web/reservation.jsp</file>
            <file>file:/D:/work/Advance%20java/NBProjects/Reservation/web/index.html</file>
        </group>
    </open-files>
</project-private>
